[
    {
        "model": "offices.office",
        "pk": 1,
        "fields": {
            "city": 2,
            "name": "Office 1",
            "address": "1 Main St",
            "latitude": "51.51",
            "longitude": "-0.13"
        }
    },
    {
        "model": "offices.office",
        "pk": 2,
        "fields": {
            "city": 3,
            "name": "Office 2",
            "address": "2 Main St",
            "latitude": "51.52",
            "longitude": "-0.13999999999999999"
        }
    },
    {
        "model": "offices.office",
        "pk": 3,
        "fields": {
            "city": 4,
            "name": "Office 3",
            "address": "3 Main St",
            "latitude": "51.53",
            "longitude": "-0.15"
        }
    },
    {
        "model": "offices.office",
        "pk": 4,
        "fields": {
            "city": 5,
            "name": "Office 4",
            "address": "4 Main St",
            "latitude": "51.54",
            "longitude": "-0.16"
        }
    },
    {
        "model": "offices.office",
        "pk": 5,
        "fields": {
            "city": 1,
            "name": "Office 5",
            "address": "5 Main St",
            "latitude": "51.55",
            "longitude": "-0.16999999999999998"
        }
    },
    {
        "model": "offices.office",
        "pk": 6,
        "fields": {
            "city": 2,
            "name": "Office 6",
            "address": "6 Main St",
            "latitude": "51.56",
            "longitude": "-0.18"
        }
    },
    {
        "model": "offices.office",
        "pk": 7,
        "fields": {
            "city": 3,
            "name": "Office 7",
            "address": "7 Main St",
            "latitude": "51.57",
            "longitude": "-0.19"
        }
    },
    {
        "model": "offices.office",
        "pk": 8,
        "fields": {
            "city": 4,
            "name": "Office 8",
            "address": "8 Main St",
            "latitude": "51.58",
            "longitude": "-0.2"
        }
    },
    {
        "model": "offices.office",
        "pk": 9,
        "fields": {
            "city": 5,
            "name": "Office 9",
            "address": "9 Main St",
            "latitude": "51.59",
            "longitude": "-0.21"
        }
    },
    {
        "model": "offices.office",
        "pk": 10,
        "fields": {
            "city": 1,
            "name": "Office 10",
            "address": "10 Main St",
            "latitude": "51.6",
            "longitude": "-0.22"
        }
    },
    {
        "model": "offices.office",
        "pk": 11,
        "fields": {
            "city": 2,
            "name": "Office 11",
            "address": "11 Main St",
            "latitude": "51.61",
            "longitude": "-0.22999999999999998"
        }
    },
    {
        "model": "offices.office",
        "pk": 12,
        "fields": {
            "city": 3,
            "name": "Office 12",
            "address": "12 Main St",
            "latitude": "51.62",
            "longitude": "-0.24"
        }
    },
    {
        "model": "offices.office",
        "pk": 13,
        "fields": {
            "city": 4,
            "name": "Office 13",
            "address": "13 Main St",
            "latitude": "51.63",
            "longitude": "-0.25"
        }
    },
    {
        "model": "offices.office",
        "pk": 14,
        "fields": {
            "city": 5,
            "name": "Office 14",
            "address": "14 Main St",
            "latitude": "51.64",
            "longitude": "-0.26"
        }
    },
    {
        "model": "offices.office",
        "pk": 15,
        "fields": {
            "city": 1,
            "name": "Office 15",
            "address": "15 Main St",
            "latitude": "51.65",
            "longitude": "-0.27"
        }
    },
    {
        "model": "offices.office",
        "pk": 16,
        "fields": {
            "city": 2,
            "name": "Office 16",
            "address": "16 Main St",
            "latitude": "51.66",
            "longitude": "-0.28"
        }
    },
    {
        "model": "offices.office",
        "pk": 17,
        "fields": {
            "city": 3,
            "name": "Office 17",
            "address": "17 Main St",
            "latitude": "51.67",
            "longitude": "-0.29000000000000004"
        }
    },
    {
        "model": "offices.office",
        "pk": 18,
        "fields": {
            "city": 4,
            "name": "Office 18",
            "address": "18 Main St",
            "latitude": "51.68",
            "longitude": "-0.3"
        }
    },
    {
        "model": "offices.office",
        "pk": 19,
        "fields": {
            "city": 5,
            "name": "Office 19",
            "address": "19 Main St",
            "latitude": "51.69",
            "longitude": "-0.31"
        }
    },
    {
        "model": "offices.office",
        "pk": 20,
        "fields": {
            "city": 1,
            "name": "Office 20",
            "address": "20 Main St",
            "latitude": "51.7",
            "longitude": "-0.32"
        }
    },
    {
        "model": "employees.employee",
        "pk": "e001",
        "fields": {
            "first_name": "First 1",
            "last_name": "Last 1"
        }
    },
    {
        "model": "employees.employee",
        "pk": "e002",
        "fields": {
            "first_name": "First 2",
            "last_name": "Last 2"
        }
    },
    {
        "model": "employees.employee",
        "pk": "e003",
        "fields": {
            "first_name": "First 3",
            "last_name": "Last 3"
        }
    },
    {
        "model": "employees.employee",
        "pk": "e004",
        "fields": {
            "first_name": "First 4",
            "last_name": "Last 4"
        }
    },
    {
        "model": "employees.employee",
        "pk": "e005",
        "fields": {
            "first_name": "First 5",
            "last_name": "Last 5"
        }
    },
    {
        "model": "employees.employee",
        "pk": "e006",
        "fields": {
            "first_name": "First 6",
            "last_name": "Last 6"
        }
    },
    {
        "model": "employees.employee",
        "pk": "e007",
        "fields": {
            "first_name": "First 7",
            "last_name": "Last 7"
        }
    },
    {
        "model": "employees.employee",
        "pk": "e008",
        "fields": {
            "first_name": "First 8",
            "last_name": "Last 8"
        }
    },
    {
        "model": "employees.employee",
        "pk": "e009",
        "fields": {
            "first_name": "First 9",
            "last_name": "Last 9"
        }
    },
    {
        "model": "employees.employee",
        "pk": "e010",
        "fields": {
            "first_name": "First 10",
            "last_name": "Last 10"
        }
    },
    {
        "model": "employees.employee",
        "pk": "e011",
        "fields": {
            "first_name": "First 11",
            "last_name": "Last 11"
        }
    },
    {
        "model": "employees.employee",
        "pk": "e012",
        "fields": {
            "first_name": "First 12",
            "last_name": "Last 12"
        }
    },
    {
        "model": "employees.employee",
        "pk": "e013",
        "fields": {
            "first_name": "First 13",
            "last_name": "Last 13"
        }
    },
    {
        "model": "employees.employee",
        "pk": "e014",
        "fields": {
            "first_name": "First 14",
            "last_name": "Last 14"
        }
    },
    {
        "model": "employees.employee",
        "pk": "e015",
        "fields": {
            "first_name": "First 15",
            "last_name": "Last 15"
        }
    },
    {
        "model": "employees.employee",
        "pk": "e016",
        "fields": {
            "first_name": "First 16",
            "last_name": "Last 16"
        }
    },
    {
        "model": "employees.employee",
        "pk": "e017",
        "fields": {
            "first_name": "First 17",
            "last_name": "Last 17"
        }
    },
    {
        "model": "employees.employee",
        "pk": "e018",
        "fields": {
            "first_name": "First 18",
            "last_name": "Last 18"
        }
    },
    {
        "model": "employees.employee",
        "pk": "e019",
        "fields": {
            "first_name": "First 19",
            "last_name": "Last 19"
        }
    },
    {
        "model": "employees.employee",
        "pk": "e020",
        "fields": {
            "first_name": "First 20",
            "last_name": "Last 20"
        }
    },
    {
        "model": "employees.workhistory",
        "pk": 1,
        "fields": {
            "employee": "e001",
            "office": 1,
            "start_date": "2020-01-01",
            "end_date": "2020-02-01",
            "last_checked": "2023-01-01"
        }
    },
    {
        "model": "employees.workhistory",
        "pk": 2,
        "fields": {
            "employee": "e001",
            "office": 2,
            "start_date": "2020-02-01",
            "end_date": "2020-03-01",
            "last_checked": "2023-01-01"
        }
    },
    {
        "model": "employees.workhistory",
        "pk": 3,
        "fields": {
            "employee": "e001",
            "office": 3,
            "start_date": "2020-03-01",
            "end_date": "2020-04-01",
            "last_checked": "2023-01-01"
        }
    },
    {
        "model": "employees.workhistory",
        "pk": 4,
        "fields": {
            "employee": "e001",
            "office": 4,
            "start_date": "2020-04-01",
            "end_date": "2020-05-01",
            "last_checked": "2023-01-01"
        }
    },
    {
        "model": "employees.workhistory",
        "pk": 5,
        "fields": {
            "employee": "e001",
            "office": 5,
            "start_date": "2020-05-01",
            "end_date": null,
            "last_checked": "2023-01-01"
        }
    },
    {
        "model": "employees.workhistory",
        "pk": 6,
        "fields": {
            "employee": "e002",
            "office": 1,
            "start_date": "2020-01-01",
            "end_date": "2020-02-01",
            "last_checked": "2023-01-01"
        }
    },
    {
        "model": "employees.workhistory",
        "pk": 7,
        "fields": {
            "employee": "e002",
            "office": 2,
            "start_date": "2020-02-01",
            "end_date": "2020-03-01",
            "last_checked": "2023-01-01"
        }
    },
    {
        "model": "employees.workhistory",
        "pk": 8,
        "fields": {
            "employee": "e002",
            "office": 3,
            "start_date": "2020-03-01",
            "end_date": "2020-04-01",
            "last_checked": "2023-01-01"
        }
    },
    {
        "model": "employees.workhistory",
        "pk": 9,
        "fields": {
            "employee": "e002",
            "office": 4,
            "start_date": "2020-04-01",
            "end_date": "2020-05-01",
            "last_checked": "2023-01-01"
        }
    },
    {
        "model": "employees.workhistory",
        "pk": 10,
        "fields": {
            "employee": "e002",
            "office": 5,
            "start_date": "2020-05-01",
            "end_date": null,
            "last_checked": "2023-01-01"
        }
    },
    {
        "model": "employees.workhistory",
        "pk": 11,
        "fields": {
            "employee": "e003",
            "office": 1,
            "start_date": "2020-01-01",
            "end_date": "2020-02-01",
            "last_checked": "2023-01-01"
        }
    },
    {
        "model": "employees.workhistory",
        "pk": 12,
        "fields": {
            "employee": "e003",
            "office": 2,
            "start_date": "2020-02-01",
            "end_date": "2020-03-01",
            "last_checked": "2023-01-01"
        }
    },
    {
        "model": "employees.workhistory",
        "pk": 13,
        "fields": {
            "employee": "e003",
            "office": 3,
            "start_date": "2020-03-01",
            "end_date": "2020-04-01",
            "last_checked": "2023-01-01"
        }
    },
    {
        "model": "employees.workhistory",
        "pk": 14,
        "fields": {
            "employee": "e003",
            "office": 4,
            "start_date": "2020-04-01",
            "end_date": "2020-05-01",
            "last_checked": "2023-01-01"
        }
    },
    {
        "model": "employees.workhistory",
        "pk": 15,
        "fields": {
            "employee": "e003",
            "office": 5,
            "start_date": "2020-05-01",
            "end_date": null,
            "last_checked": "2023-01-01"
        }
    },
    {
        "model": "employees.workhistory",
        "pk": 16,
        "fields": {
            "employee": "e004",
            "office": 1,
            "start_date": "2020-01-01",
            "end_date": "2020-02-01",
            "last_checked": "2023-01-01"
        }
    },
    {
        "model": "employees.workhistory",
        "pk": 17,
        "fields": {
            "employee": "e004",
            "office": 2,
            "start_date": "2020-02-01",
            "end_date": "2020-03-01",
            "last_checked": "2023-01-01"
        }
    },
    {
        "model": "employees.workhistory",
        "pk": 18,
        "fields": {
            "employee": "e004",
            "office": 3,
            "start_date": "2020-03-01",
            "end_date": "2020-04-01",
            "last_checked": "2023-01-01"
        }
    },
    {
        "model": "employees.workhistory",
        "pk": 19,
        "fields": {
            "employee": "e004",
            "office": 4,
            "start_date": "2020-04-01",
            "end_date": "2020-05-01",
            "last_checked": "2023-01-01"
        }
    },
    {
        "model": "employees.workhistory",
        "pk": 20,
        "fields": {
            "employee": "e004",
            "office": 5,
            "start_date": "2020-05-01",
            "end_date": null,
            "last_checked": "2023-01-01"
        }
    },
    {
        "model": "employees.workhistory",
        "pk": 21,
        "fields": {
            "employee": "e005",
            "office": 1,
            "start_date": "2020-01-01",
            "end_date": "2020-02-01",
            "last_checked": "2023-01-01"
        }
    },
    {
        "model": "employees.workhistory",
        "pk": 22,
        "fields": {
            "employee": "e005",
            "office": 2,
            "start_date": "2020-02-01",
            "end_date": "2020-03-01",
            "last_checked": "2023-01-01"
        }
    },
    {
        "model": "employees.workhistory",
        "pk": 23,
        "fields": {
            "employee": "e005",
            "office": 3,
            "start_date": "2020-03-01",
            "end_date": "2020-04-01",
            "last_checked": "2023-01-01"
        }
    },
    {
        "model": "employees.workhistory",
        "pk": 24,
        "fields": {
            "employee": "e005",
            "office": 4,
            "start_date": "2020-04-01",
            "end_date": "2020-05-01",
            "last_checked": "2023-01-01"
        }
    },
    {
        "model": "employees.workhistory",
        "pk": 25,
        "fields": {
            "employee": "e005",
            "office": 5,
            "start_date": "2020-05-01",
            "end_date": null,
            "last_checked": "2023-01-01"
        }
    },
    {
        "model": "employees.workhistory",
        "pk": 26,
        "fields": {
            "employee": "e006",
            "office": 1,
            "start_date": "2020-01-01",
            "end_date": "2020-02-01",
            "last_checked": "2023-01-01"
        }
    },
    {
        "model": "employees.workhistory",
        "pk": 27,
        "fields": {
            "employee": "e006",
            "office": 2,
            "start_date": "2020-02-01",
            "end_date": "2020-03-01",
            "last_checked": "2023-01-01"
        }
    },
    {
        "model": "employees.workhistory",
        "pk": 28,
        "fields": {
            "employee": "e006",
            "office": 3,
            "start_date": "2020-03-01",
            "end_date": "2020-04-01",
            "last_checked": "2023-01-01"
        }
    },
    {
        "model": "employees.workhistory",
        "pk": 29,
        "fields": {
            "employee": "e006",
            "office": 4,
            "start_date": "2020-04-01",
            "end_date": "2020-05-01",
            "last_checked": "2023-01-01"
        }
    },
    {
        "model": "employees.workhistory",
        "pk": 30,
        "fields": {
            "employee": "e006",
            "office": 5,
            "start_date": "2020-05-01",
            "end_date": null,
            "last_checked": "2023-01-01"
        }
    },
    {
        "model": "employees.workhistory",
        "pk": 31,
        "fields": {
            "employee": "e007",
            "office": 1,
            "start_date": "2020-01-01",
            "end_date": "2020-02-01",
            "last_checked": "2023-01-01"
        }
    },
    {
        "model": "employees.workhistory",
        "pk": 32,
        "fields": {
            "employee": "e007",
            "office": 2,
            "start_date": "2020-02-01",
            "end_date": "2020-03-01",
            "last_checked": "2023-01-01"
        }
    },
    {
        "model": "employees.workhistory",
        "pk": 33,
        "fields": {
            "employee": "e007",
            "office": 3,
            "start_date": "2020-03-01",
            "end_date": "2020-04-01",
            "last_checked": "2023-01-01"
        }
    },
    {
        "model": "employees.workhistory",
        "pk": 34,
        "fields": {
            "employee": "e007",
            "office": 4,
            "start_date": "2020-04-01",
            "end_date": "2020-05-01",
            "last_checked": "2023-01-01"
        }
    },
    {
        "model": "employees.workhistory",
        "pk": 35,
        "fields": {
            "employee": "e007",
            "office": 5,
            "start_date": "2020-05-01",
            "end_date": null,
            "last_checked": "2023-01-01"
        }
    },
    {
        "model": "employees.workhistory",
        "pk": 36,
        "fields": {
            "employee": "e008",
            "office": 1,
            "start_date": "2020-01-01",
            "end_date": "2020-02-01",
            "last_checked": "2023-01-01"
        }
    },
    {
        "model": "employees.workhistory",
        "pk": 37,
        "fields": {
            "employee": "e008",
            "office": 2,
            "start_date": "2020-02-01",
            "end_date": "2020-03-01",
            "last_checked": "2023-01-01"
        }
    },
    {
        "model": "employees.workhistory",
        "pk": 38,
        "fields": {
            "employee": "e008",
            "office": 3,
            "start_date": "2020-03-01",
            "end_date": "2020-04-01",
            "last_checked": "2023-01-01"
        }
    },
    {
        "model": "employees.workhistory",
        "pk": 39,
        "fields": {
            "employee": "e008",
            "office": 4,
            "start_date": "2020-04-01",
            "end_date": "2020-05-01",
            "last_checked": "2023-01-01"
        }
    },
    {
        "model": "employees.workhistory",
        "pk": 40,
        "fields": {
            "employee": "e008",
            "office": 5,
            "start_date": "2020-05-01",
            "end_date": null,
            "last_checked": "2023-01-01"
        }
    },
    {
        "model": "employees.workhistory",
        "pk": 41,
        "fields": {
            "employee": "e009",
            "office": 1,
            "start_date": "2020-01-01",
            "end_date": "2020-02-01",
            "last_checked": "2023-01-01"
        }
    },
    {
        "model": "employees.workhistory",
        "pk": 42,
        "fields": {
            "employee": "e009",
            "office": 2,
            "start_date": "2020-02-01",
            "end_date": "2020-03-01",
            "last_checked": "2023-01-01"
        }
    },
    {
        "model": "employees.workhistory",
        "pk": 43,
        "fields": {
            "employee": "e009",
            "office": 3,
            "start_date": "2020-03-01",
            "end_date": "2020-04-01",
            "last_checked": "2023-01-01"
        }
    },
    {
        "model": "employees.workhistory",
        "pk": 44,
        "fields": {
            "employee": "e009",
            "office": 4,
            "start_date": "2020-04-01",
            "end_date": "2020-05-01",
            "last_checked": "2023-01-01"
        }
    },
    {
        "model": "employees.workhistory",
        "pk": 45,
        "fields": {
            "employee": "e009",
            "office": 5,
            "start_date": "2020-05-01",
            "end_date": null,
            "last_checked": "2023-01-01"
        }
    },
    {
        "model": "employees.workhistory",
        "pk": 46,
        "fields": {
            "employee": "e010",
            "office": 1,
            "start_date": "2020-01-01",
            "end_date": "2020-02-01",
            "last_checked": "2023-01-01"
        }
    },
    {
        "model": "employees.workhistory",
        "pk": 47,
        "fields": {
            "employee": "e010",
            "office": 2,
            "start_date": "2020-02-01",
            "end_date": "2020-03-01",
            "last_checked": "2023-01-01"
        }
    },
    {
        "model": "employees.workhistory",
        "pk": 48,
        "fields": {
            "employee": "e010",
            "office": 3,
            "start_date": "2020-03-01",
            "end_date": "2020-04-01",
            "last_checked": "2023-01-01"
        }
    },
    {
        "model": "employees.workhistory",
        "pk": 49,
        "fields": {
            "employee": "e010",
            "office": 4,
            "start_date": "2020-04-01",
            "end_date": "2020-05-01",
            "last_checked": "2023-01-01"
        }
    },
    {
        "model": "employees.workhistory",
        "pk": 50,
        "fields": {
            "employee": "e010",
            "office": 5,
            "start_date": "2020-05-01",
            "end_date": null,
            "last_checked": "2023-01-01"
        }
    },
    {
        "model": "employees.workhistory",
        "pk": 51,
        "fields": {
            "employee": "e011",
            "office": 1,
            "start_date": "2020-01-01",
            "end_date": "2020-02-01",
            "last_checked": "2023-01-01"
        }
    },
    {
        "model": "employees.workhistory",
        "pk": 52,
        "fields": {
            "employee": "e011",
            "office": 2,
            "start_date": "2020-02-01",
            "end_date": "2020-03-01",
            "last_checked": "2023-01-01"
        }
    },
    {
        "model": "employees.workhistory",
        "pk": 53,
        "fields": {
            "employee": "e011",
            "office": 3,
            "start_date": "2020-03-01",
            "end_date": "2020-04-01",
            "last_checked": "2023-01-01"
        }
    },
    {
        "model": "employees.workhistory",
        "pk": 54,
        "fields": {
            "employee": "e011",
            "office": 4,
            "start_date": "2020-04-01",
            "end_date": "2020-05-01",
            "last_checked": "2023-01-01"
        }
    },
    {
        "model": "employees.workhistory",
        "pk": 55,
        "fields": {
            "employee": "e011",
            "office": 5,
            "start_date": "2020-05-01",
            "end_date": null,
            "last_checked": "2023-01-01"
        }
    },
    {
        "model": "employees.workhistory",
        "pk": 56,
        "fields": {
            "employee": "e012",
            "office": 1,
            "start_date": "2020-01-01",
            "end_date": "2020-02-01",
            "last_checked": "2023-01-01"
        }
    },
    {
        "model": "employees.workhistory",
        "pk": 57,
        "fields": {
            "employee": "e012",
            "office": 2,
            "start_date": "2020-02-01",
            "end_date": "2020-03-01",
            "last_checked": "2023-01-01"
        }
    },
    {
        "model": "employees.workhistory",
        "pk": 58,
        "fields": {
            "employee": "e012",
            "office": 3,
            "start_date": "2020-03-01",
            "end_date": "2020-04-01",
            "last_checked": "2023-01-01"
        }
    },
    {
        "model": "employees.workhistory",
        "pk": 59,
        "fields": {
            "employee": "e012",
            "office": 4,
            "start_date": "2020-04-01",
            "end_date": "2020-05-01",
            "last_checked": "2023-01-01"
        }
    },
    {
        "model": "employees.workhistory",
        "pk": 60,
        "fields": {
            "employee": "e012",
            "office": 5,
            "start_date": "2020-05-01",
            "end_date": null,
            "last_checked": "2023-01-01"
        }
    },
    {
        "model": "employees.workhistory",
        "pk": 61,
        "fields": {
            "employee": "e013",
            "office": 1,
            "start_date": "2020-01-01",
            "end_date": "2020-02-01",
            "last_checked": "2023-01-01"
        }
    },
    {
        "model": "employees.workhistory",
        "pk": 62,
        "fields": {
            "employee": "e013",
            "office": 2,
            "start_date": "2020-02-01",
            "end_date": "2020-03-01",
            "last_checked": "2023-01-01"
        }
    },
    {
        "model": "employees.workhistory",
        "pk": 63,
        "fields": {
            "employee": "e013",
            "office": 3,
            "start_date": "2020-03-01",
            "end_date": "2020-04-01",
            "last_checked": "2023-01-01"
        }
    },
    {
        "model": "employees.workhistory",
        "pk": 64,
        "fields": {
            "employee": "e013",
            "office": 4,
            "start_date": "2020-04-01",
            "end_date": "2020-05-01",
            "last_checked": "2023-01-01"
        }
    },
    {
        "model": "employees.workhistory",
        "pk": 65,
        "fields": {
            "employee": "e013",
            "office": 5,
            "start_date": "2020-05-01",
            "end_date": null,
            "last_checked": "2023-01-01"
        }
    },
    {
        "model": "employees.workhistory",
        "pk": 66,
        "fields": {
            "employee": "e014",
            "office": 1,
            "start_date": "2020-01-01",
            "end_date": "2020-02-01",
            "last_checked": "2023-01-01"
        }
    },
    {
        "model": "employees.workhistory",
        "pk": 67,
        "fields": {
            "employee": "e014",
            "office": 2,
            "start_date": "2020-02-01",
            "end_date": "2020-03-01",
            "last_checked": "2023-01-01"
        }
    },
    {
        "model": "employees.workhistory",
        "pk": 68,
        "fields": {
            "employee": "e014",
            "office": 3,
            "start_date": "2020-03-01",
            "end_date": "2020-04-01",
            "last_checked": "2023-01-01"
        }
    },
    {
        "model": "employees.workhistory",
        "pk": 69,
        "fields": {
            "employee": "e014",
            "office": 4,
            "start_date": "2020-04-01",
            "end_date": "2020-05-01",
            "last_checked": "2023-01-01"
        }
    },
    {
        "model": "employees.workhistory",
        "pk": 70,
        "fields": {
            "employee": "e014",
            "office": 5,
            "start_date": "2020-05-01",
            "end_date": null,
            "last_checked": "2023-01-01"
        }
    },
    {
        "model": "employees.workhistory",
        "pk": 71,
        "fields": {
            "employee": "e015",
            "office": 1,
            "start_date": "2020-01-01",
            "end_date": "2020-02-01",
            "last_checked": "2023-01-01"
        }
    },
    {
        "model": "employees.workhistory",
        "pk": 72,
        "fields": {
            "employee": "e015",
            "office": 2,
            "start_date": "2020-02-01",
            "end_date": "2020-03-01",
            "last_checked": "2023-01-01"
        }
    },
    {
        "model": "employees.workhistory",
        "pk": 73,
        "fields": {
            "employee": "e015",
            "office": 3,
            "start_date": "2020-03-01",
            "end_date": "2020-04-01",
            "last_checked": "2023-01-01"
        }
    },
    {
        "model": "employees.workhistory",
        "pk": 74,
        "fields": {
            "employee": "e015",
            "office": 4,
            "start_date": "2020-04-01",
            "end_date": "2020-05-01",
            "last_checked": "2023-01-01"
        }
    },
    {
        "model": "employees.workhistory",
        "pk": 75,
        "fields": {
            "employee": "e015",
            "office": 5,
            "start_date": "2020-05-01",
            "end_date": null,
            "last_checked": "2023-01-01"
        }
    },
    {
        "model": "employees.workhistory",
        "pk": 76,
        "fields": {
            "employee": "e016",
            "office": 1,
            "start_date": "2020-01-01",
            "end_date": "2020-02-01",
            "last_checked": "2023-01-01"
        }
    },
    {
        "model": "employees.workhistory",
        "pk": 77,
        "fields": {
            "employee": "e016",
            "office": 2,
            "start_date": "2020-02-01",
            "end_date": "2020-03-01",
            "last_checked": "2023-01-01"
        }
    },
    {
        "model": "employees.workhistory",
        "pk": 78,
        "fields": {
            "employee": "e016",
            "office": 3,
            "start_date": "2020-03-01",
            "end_date": "2020-04-01",
            "last_checked": "2023-01-01"
        }
    },
    {
        "model": "employees.workhistory",
        "pk": 79,
        "fields": {
            "employee": "e016",
            "office": 4,
            "start_date": "2020-04-01",
            "end_date": "2020-05-01",
            "last_checked": "2023-01-01"
        }
    },
    {
        "model": "employees.workhistory",
        "pk": 80,
        "fields": {
            "employee": "e016",
            "office": 5,
            "start_date": "2020-05-01",
            "end_date": null,
            "last_checked": "2023-01-01"
        }
    },
    {
        "model": "employees.workhistory",
        "pk": 81,
        "fields": {
            "employee": "e017",
            "office": 1,
            "start_date": "2020-01-01",
            "end_date": "2020-02-01",
            "last_checked": "2023-01-01"
        }
    },
    {
        "model": "employees.workhistory",
        "pk": 82,
        "fields": {
            "employee": "e017",
            "office": 2,
            "start_date": "2020-02-01",
            "end_date": "2020-03-01",
            "last_checked": "2023-01-01"
        }
    },
    {
        "model": "employees.workhistory",
        "pk": 83,
        "fields": {
            "employee": "e017",
            "office": 3,
            "start_date": "2020-03-01",
            "end_date": "2020-04-01",
            "last_checked": "2023-01-01"
        }
    },
    {
        "model": "employees.workhistory",
        "pk": 84,
        "fields": {
            "employee": "e017",
            "office": 4,
            "start_date": "2020-04-01",
            "end_date": "2020-05-01",
            "last_checked": "2023-01-01"
        }
    },
    {
        "model": "employees.workhistory",
        "pk": 85,
        "fields": {
            "employee": "e017",
            "office": 5,
            "start_date": "2020-05-01",
            "end_date": null,
            "last_checked": "2023-01-01"
        }
    },
    {
        "model": "employees.workhistory",
        "pk": 86,
        "fields": {
            "employee": "e018",
            "office": 1,
            "start_date": "2020-01-01",
            "end_date": "2020-02-01",
            "last_checked": "2023-01-01"
        }
    },
    {
        "model": "employees.workhistory",
        "pk": 87,
        "fields": {
            "employee": "e018",
            "office": 2,
            "start_date": "2020-02-01",
            "end_date": "2020-03-01",
            "last_checked": "2023-01-01"
        }
    },
    {
        "model": "employees.workhistory",
        "pk": 88,
        "fields": {
            "employee": "e018",
            "office": 3,
            "start_date": "2020-03-01",
            "end_date": "2020-04-01",
            "last_checked": "2023-01-01"
        }
    },
    {
        "model": "employees.workhistory",
        "pk": 89,
        "fields": {
            "employee": "e018",
            "office": 4,
            "start_date": "2020-04-01",
            "end_date": "2020-05-01",
            "last_checked": "2023-01-01"
        }
    },
    {
        "model": "employees.workhistory",
        "pk": 90,
        "fields": {
            "employee": "e018",
            "office": 5,
            "start_date": "2020-05-01",
            "end_date": null,
            "last_checked": "2023-01-01"
        }
    },
    {
        "model": "employees.workhistory",
        "pk": 91,
        "fields": {
            "employee": "e019",
            "office": 1,
            "start_date": "2020-01-01",
            "end_date": "2020-02-01",
            "last_checked": "2023-01-01"
        }
    },
    {
        "model": "employees.workhistory",
        "pk": 92,
        "fields": {
            "employee": "e019",
            "office": 2,
            "start_date": "2020-02-01",
            "end_date": "2020-03-01",
            "last_checked": "2023-01-01"
        }
    },
    {
        "model": "employees.workhistory",
        "pk": 93,
        "fields": {
            "employee": "e019",
            "office": 3,
            "start_date": "2020-03-01",
            "end_date": "2020-04-01",
            "last_checked": "2023-01-01"
        }
    },
    {
        "model": "employees.workhistory",
        "pk": 94,
        "fields": {
            "employee": "e019",
            "office": 4,
            "start_date": "2020-04-01",
            "end_date": "2020-05-01",
            "last_checked": "2023-01-01"
        }
    },
    {
        "model": "employees.workhistory",
        "pk": 95,
        "fields": {
            "employee": "e019",
            "office": 5,
            "start_date": "2020-05-01",
            "end_date": null,
            "last_checked": "2023-01-01"
        }
    },
    {
        "model": "employees.workhistory",
        "pk": 96,
        "fields": {
            "employee": "e020",
            "office": 1,
            "start_date": "2020-01-01",
            "end_date": "2020-02-01",
            "last_checked": "2023-01-01"
        }
    },
    {
        "model": "employees.workhistory",
        "pk": 97,
        "fields": {
            "employee": "e020",
            "office": 2,
            "start_date": "2020-02-01",
            "end_date": "2020-03-01",
            "last_checked": "2023-01-01"
        }
    },
    {
        "model": "employees.workhistory",
        "pk": 98,
        "fields": {
            "employee": "e020",
            "office": 3,
            "start_date": "2020-03-01",
            "end_date": "2020-04-01",
            "last_checked": "2023-01-01"
        }
    },
    {
        "model": "employees.workhistory",
        "pk": 99,
        "fields": {
            "employee": "e020",
            "office": 4,
            "start_date": "2020-04-01",
            "end_date": "2020-05-01",
            "last_checked": "2023-01-01"
        }
    },
    {
        "model": "employees.workhistory",
        "pk": 100,
        "fields": {
            "employee": "e020",
            "office": 5,
            "start_date": "2020-05-01",
            "end_date": null,
            "last_checked": "2023-01-01"
        }
    }
]